product_name,product_group,product_subgroup,mrp,ptr,retailer_margin_rs,margin_percent,pack_size,units_per_case
Amul Tru Mango 200ml,Beverages,Fruit Drinks,15.0,12.86,2.14,14.3,200ml,30
Amul Tru Litchi 200ml,Beverages,Fruit Drinks,15.0,12.86,2.14,14.3,200ml,30
Amul Tru Chocolate 200ml,Beverages,Flavoured Milk,15.0,12.86,2.14,14.3,200ml,30
Amul Tru Orange 200ml,Beverages,Fruit Drinks,15.0,12.86,2.14,14.3,200ml,30
Amul Tru Apple 200ml,Beverages,Fruit Drinks,15.0,12.86,2.14,14.3,200ml,30
Amul Lassi 200ml,Beverages,Fermented Dairy,15.0,13.04,1.96,13.1,200ml,30
Amul Mango Lassi 200ml,Beverages,Fermented Dairy,20.0,17.39,2.61,13.1,200ml,30
Amul Kool Elachi 180ml (Can),Beverages,Flavoured Milk,35.0,29.8,5.2,14.9,180ml,24
Amul Kool Kesar 180ml (Can),Beverages,Flavoured Milk,35.0,29.8,5.2,14.9,180ml,24
Amul Kool Cafe 200ml (Can),Beverages,Flavoured Milk,40.0,34.05,5.95,14.9,200ml,24
Amul Kool Kadhai Doodh 200ml (Can),Beverages,Flavoured Milk,35.0,29.8,5.2,14.9,200ml,24
Amul Kool Badam Shakers 200ml (Can),Beverages,Milkshakes,40.0,34.05,5.95,14.9,200ml,24
Amul Kool PET Bottle 200ml,Beverages,Flavoured Milk,25.0,21.74,3.26,13.0,200ml,30
Amul Masti Spiced Buttermilk 200ml,Beverages,Fermented Dairy,15.0,13.04,1.96,13.1,200ml,30
Amul Tinned Paneer 1kg,Dairy,Paneer,395.0,343.48,51.52,13.0,1kg Tin,12
Amul Tinned Paneer 210g,Dairy,Paneer,79.0,66.52,12.48,15.8,210g Tin,24
Amul Butter 50g (₹35 Small Pack),Dairy,Butter,35.0,30.7,4.3,12.3,50g,60
Amul Butter 100g,Dairy,Butter,60.0,52.8,7.2,12.0,100g,40
Amul Butter 200g,Dairy,Butter,118.0,104.0,14.0,11.9,200g,20
Amul Cheese Slices 100g,Dairy,Cheese,85.0,73.9,11.1,13.1,100g,20
Amul Cheese Cubes 200g,Dairy,Cheese,135.0,118.0,17.0,12.6,200g,20
Amul Mithai Mate 200g,Dairy,Sweetened Condensed Milk,67.0,58.5,8.5,12.7,200g,24
Amul Bindaaz Wafer Choco,Confectionery,Chocolates,10.0,8.5,1.5,15.0,Standard,40
Amul Dark Chocolate 150g,Confectionery,Chocolates,120.0,102.0,18.0,15.0,150g,20
Amul Taaza 500ml,Fresh Dairy,Liquid Milk,28.0,25.5,2.5,8.9,500ml,24
Amul Gold 500ml,Fresh Dairy,Liquid Milk,34.0,31.0,3.0,8.8,500ml,24
